Setup title,N-18-Id-Vg
Application test name,Id-Vg
Test date,3/2/2017
Test time,12:21:28
Device ID,
Vgate,Idrain,Isubs,Vsource,Vdrain,Vsubs,IdrainPerWg,IsubsPerWg,gm,gmPerWg
0,0.01000055,-0.00445136,0,1.8,0,0.001000055,-0.000445136,-2.99999999998218E-06,-2.99999999993882E-07
0.01,0.01000052,-0.00444888,0,1.8,0,0.001000052,-0.000444888,0,0
0.02,0.01000055,-0.00444745,0,1.8,0,0.001000055,-0.000444745,4.9999999999703E-07,4.99999999953662E-08
0.03,0.01000053,-0.00444643,0,1.8,0,0.001000053,-0.000444643,-9.99999999994061E-07,-1.00000000001575E-07
0.04,0.01000053,-0.0044456,0,1.8,0,0.001000053,-0.00044456,0,0
